timestamp,open,high,low,close,volume
1970-01-01 00:28:56.553600,94717.6,94741.0,94350.4,94595.3,33.48563422
1970-01-01 00:28:56.557200,94595.4,94692.9,94220.1,94428.6,35.6867272
1970-01-01 00:28:56.560800,94428.9,94494.6,94176.8,94417.9,40.36985176
1970-01-01 00:28:56.564400,94417.9,94428.0,94099.0,94197.6,38.76915618
1970-01-01 00:28:56.568000,94197.6,94309.6,93854.4,94065.3,68.58456462
1970-01-01 00:28:56.571600,94065.3,94387.3,94015.9,94368.5,86.27137609
1970-01-01 00:28:56.575200,94366.7,94441.7,94208.9,94212.0,24.37787215
1970-01-01 00:28:56.578800,94212.0,94332.4,94151.3,94249.1,24.76739063
1970-01-01 00:28:56.582400,94250.2,94408.3,94045.3,94081.5,39.02112032
1970-01-01 00:28:56.586000,94081.6,94339.2,94070.0,94339.2,18.98311302
1970-01-01 00:28:56.589600,94339.2,94528.2,94302.5,94488.5,37.50825525
1970-01-01 00:28:56.593200,94488.6,94788.9,94454.6,94624.9,39.12810412
1970-01-01 00:28:56.596800,94625.0,94653.2,94523.1,94545.4,25.77799777
1970-01-01 00:28:56.600400,94545.5,94605.9,94338.2,94390.2,29.53497848
1970-01-01 00:28:56.604000,94390.3,94637.2,94302.9,94614.3,21.82533165
1970-01-01 00:28:56.607600,94608.3,94655.2,94378.3,94414.6,26.26850399
1970-01-01 00:28:56.611200,94414.7,94723.8,94310.3,94451.4,26.90623817
1970-01-01 00:28:56.614800,94451.5,94451.5,93978.3,94158.2,55.35691931
1970-01-01 00:28:56.618400,94158.2,94301.7,94112.0,94287.1,35.88263267
1970-01-01 00:28:56.622000,94285.7,94337.4,94078.2,94240.5,27.3614437
1970-01-01 00:28:56.625600,94240.5,94666.0,94188.2,94590.5,25.02720543
1970-01-01 00:28:56.629200,94590.5,95031.9,94564.2,94943.8,39.77150113
1970-01-01 00:28:56.632800,94943.8,95000.0,94564.3,94581.4,33.10035435
1970-01-01 00:28:56.636400,94579.7,94757.3,94539.7,94606.5,24.2973108
1970-01-01 00:28:56.640000,94606.5,94663.1,94422.8,94451.3,27.29443167
1970-01-01 00:28:56.643600,94451.4,94583.5,94294.8,94579.1,22.74779092
1970-01-01 00:28:56.647200,94579.1,94669.9,94473.0,94621.6,21.55314151
1970-01-01 00:28:56.650800,94621.7,94694.1,94415.3,94624.0,14.27083938
1970-01-01 00:28:56.654400,94624.1,94649.9,94497.7,94582.9,16.20388935
1970-01-01 00:28:56.658000,94583.0,94630.0,94491.1,94566.3,7.6244597
1970-01-01 00:28:56.661600,94566.4,94618.8,94359.5,94371.3,19.87237497
1970-01-01 00:28:56.665200,94371.4,94443.8,94272.4,94323.7,16.00594654
1970-01-01 00:28:56.668800,94323.7,94391.3,94121.0,94170.6,32.39049843
1970-01-01 00:28:56.672400,94171.4,94231.2,93711.7,93907.2,39.33603388
1970-01-01 00:28:56.676000,93907.2,94055.8,93833.3,94005.9,24.61362899
1970-01-01 00:28:56.679600,94006.0,94349.6,94004.2,94247.0,36.933456
1970-01-01 00:28:56.683200,94247.1,94600.0,94162.6,94324.8,38.08675308
1970-01-01 00:28:56.686800,94324.8,94724.7,94293.1,94660.0,50.93001457
1970-01-01 00:28:56.690400,94660.0,94979.1,94660.0,94803.0,68.24562315005362
1970-01-01 00:28:56.694000,94803.0,95446.7,94670.9,95071.5,79.15899804
1970-01-01 00:28:56.697600,95071.6,95133.9,94800.0,95045.5,35.01648455
1970-01-01 00:28:56.701200,95045.6,95266.4,94975.3,95138.1,43.11706767
1970-01-01 00:28:56.704800,95136.3,95308.8,94910.1,94996.1,25.35362776
1970-01-01 00:28:56.708400,94996.1,95055.7,94572.0,94650.1,41.4355571
1970-01-01 00:28:56.712000,94650.2,94801.2,94596.7,94687.4,30.1075016
1970-01-01 00:28:56.715600,94687.4,94724.3,94300.0,94357.5,37.19508714
1970-01-01 00:28:56.719200,94351.8,94361.0,93800.0,93950.8,70.60658816
1970-01-01 00:28:56.722800,93950.9,94563.3,93950.9,94539.8,39.50314055
1970-01-01 00:28:56.726400,94539.7,95937.9,94449.8,95325.0,117.6916199
1970-01-01 00:28:56.730000,95325.0,95393.1,94088.1,94242.9,105.80626247
1970-01-01 00:28:56.733600,94217.9,94506.7,93912.5,94214.6,73.22338738
1970-01-01 00:28:56.737200,94214.6,94413.5,93974.8,94269.2,48.91702748
1970-01-01 00:28:56.740800,94269.2,94920.5,94196.3,94500.8,67.26547324
1970-01-01 00:28:56.744400,94500.8,94544.4,94054.1,94173.6,34.06323738
1970-01-01 00:28:56.748000,94173.6,94339.4,93277.3,93631.4,112.36013372
1970-01-01 00:28:56.751600,93631.3,93947.0,93468.7,93598.3,91.34965616
1970-01-01 00:28:56.755200,93598.3,93663.0,92908.5,93050.3,107.80399715
1970-01-01 00:28:56.758800,93050.4,93197.7,92650.0,92848.3,95.6432364
1970-01-01 00:28:56.762400,92842.2,92885.5,91384.8,91651.7,406.85674046
1970-01-01 00:28:56.766000,91651.7,91789.8,90853.8,90857.7,186.68619125
1970-01-01 00:28:56.769600,90866.0,91351.7,90301.1,90745.8,236.98701037
1970-01-01 00:28:56.773200,90739.0,91777.0,90585.1,91127.9,184.40110913
1970-01-01 00:28:56.776800,91127.9,92303.8,89221.0,91823.6,450.4666039
1970-01-01 00:28:56.780400,91839.0,93087.5,91576.1,92127.6,427.48117676
1970-01-01 00:28:56.784000,92127.6,92281.7,91260.4,91337.0,208.20397913
1970-01-01 00:28:56.787600,91337.0,92291.5,91270.1,91979.0,142.95055016
1970-01-01 00:28:56.791200,91979.0,92401.0,91600.0,92087.6,121.32897403
1970-01-01 00:28:56.794800,92082.0,92533.6,91599.5,92306.7,112.60889293
1970-01-01 00:28:56.798400,92317.8,93778.0,91913.2,93568.7,154.63962703
1970-01-01 00:28:56.802000,93600.6,94524.7,93402.7,94206.3,342.10031021
1970-01-01 00:28:56.805600,94219.1,94721.5,94158.5,94403.6,110.51594247
1970-01-01 00:28:56.809200,94403.6,94600.0,94185.7,94525.7,93.91292223
1970-01-01 00:28:56.812800,94525.8,94874.7,94341.3,94469.8,80.98458585
1970-01-01 00:28:56.816400,94469.9,95000.0,94456.6,94829.9,141.76951864
1970-01-01 00:28:56.820000,94829.9,95273.7,94725.4,94886.3,89.64914787
1970-01-01 00:28:56.823600,94886.4,95111.9,94826.1,94860.6,43.18272179
1970-01-01 00:28:56.827200,94860.6,95148.2,94826.5,95115.0,34.25884656
1970-01-01 00:28:56.830800,95111.7,95477.7,94859.5,94906.1,205.96553029
1970-01-01 00:28:56.834400,94906.1,95024.9,94740.6,95024.9,55.03685302
1970-01-01 00:28:56.838000,95025.0,95164.5,94841.6,94852.6,43.67321348
1970-01-01 00:28:56.841600,94852.5,95804.4,94852.5,95495.7,100.52879371
1970-01-01 00:28:56.845200,95495.7,97378.5,95464.0,97170.0,208.44107543
1970-01-01 00:28:56.848800,97170.0,97198.0,96574.8,96672.3,109.78524515
1970-01-01 00:28:56.852400,96672.6,96689.6,96341.5,96548.0,73.80245617
1970-01-01 00:28:56.856000,96548.0,96706.8,95995.4,95995.4,128.5818914
1970-01-01 00:28:56.859600,95995.5,97258.6,95763.0,96337.5,187.78071798
1970-01-01 00:28:56.863200,96351.4,97246.5,96027.5,96286.8,124.31734683
1970-01-01 00:28:56.866800,96297.5,96975.6,96183.8,96465.5,104.6322322
1970-01-01 00:28:56.870400,96462.1,96462.1,95361.1,95741.9,258.27702502
1970-01-01 00:28:56.874000,95742.0,96549.9,95569.7,96540.3,105.26324563
1970-01-01 00:28:56.877600,96540.2,96959.0,96292.5,96777.4,98.18081658
1970-01-01 00:28:56.881200,96777.5,97082.9,96469.9,96540.0,80.84151358
1970-01-01 00:28:56.884800,96534.8,96927.7,96152.8,96499.8,99.88675441
1970-01-01 00:28:56.888400,96493.6,96682.1,96315.3,96482.6,45.64227248
1970-01-01 00:28:56.892000,96485.2,96739.9,96446.4,96688.4,28.43706382
1970-01-01 00:28:56.895600,96686.9,96779.3,96500.5,96565.3,18.68487166
1970-01-01 00:28:56.899200,96565.4,97328.3,96495.2,96889.2,75.76609414
1970-01-01 00:28:56.902800,96889.2,97551.8,96790.6,97345.7,81.51252647
1970-01-01 00:28:56.906400,97345.2,97457.8,96749.1,96831.3,48.78085266
1970-01-01 00:28:56.910000,96822.5,97331.1,96752.7,97316.2,36.96324361
1970-01-01 00:28:56.913600,97316.3,97709.3,97069.9,97189.8,63.89062539
1970-01-01 00:28:56.917200,97189.8,97242.1,96751.5,97025.1,41.22480359
1970-01-01 00:28:56.920800,97025.0,97150.1,96850.4,97106.8,34.1978937
1970-01-01 00:28:56.924400,97106.8,97594.2,97106.8,97298.8,50.38447869
1970-01-01 00:28:56.928000,97298.8,97531.4,97156.9,97210.2,42.8907489
1970-01-01 00:28:56.931600,97210.3,97364.6,96770.8,96826.4,63.1655735
1970-01-01 00:28:56.935200,96826.4,97138.0,96715.2,96927.9,43.40329979
1970-01-01 00:28:56.938800,96927.9,96938.2,96527.5,96760.8,108.83067145
1970-01-01 00:28:56.942400,96760.9,97189.7,96537.6,96941.9,52.72760468
1970-01-01 00:28:56.946000,96938.4,99039.1,96849.6,98966.6,351.45292833
1970-01-01 00:28:56.949600,98966.5,99500.0,98597.8,99428.2,195.8965826
1970-01-01 00:28:56.953200,99428.4,99777.0,98969.9,98973.7,212.36611199
1970-01-01 00:28:56.956800,98977.5,99489.4,98880.0,98993.0,148.49919813
1970-01-01 00:28:56.960400,98993.0,99324.5,98607.3,98636.6,98.06881831
1970-01-01 00:28:56.964000,98636.7,99442.0,98636.7,99441.9,56.83148702
1970-01-01 00:28:56.967600,99441.9,99965.5,99285.4,99838.8,168.70629632
1970-01-01 00:28:56.971200,99838.9,100688.5,99453.2,99578.4,220.23102676
1970-01-01 00:28:56.974800,99565.4,99855.0,99474.7,99668.8,59.84660673
1970-01-01 00:28:56.978400,99668.8,99839.2,99558.3,99717.6,46.42344765
1970-01-01 00:28:56.982000,99721.9,100499.9,99613.2,100495.6,83.51248143
1970-01-01 00:28:56.985600,100495.6,100864.5,99654.1,99873.9,140.39842996
1970-01-01 00:28:56.989200,99874.0,100200.0,99810.1,100090.6,60.41875803
1970-01-01 00:28:56.992800,100081.7,100116.5,99467.3,99629.2,55.84915867
1970-01-01 00:28:56.996400,99629.2,99848.9,99170.5,99473.5,70.51190609
1970-01-01 00:28:57.000000,99473.5,99695.4,99473.4,99617.5,37.50482482
1970-01-01 00:28:57.003600,99617.5,99623.3,99344.1,99381.8,37.38225148
1970-01-01 00:28:57.007200,99381.8,99899.9,99326.0,99799.4,85.83574737
1970-01-01 00:28:57.010800,99799.4,99854.4,99649.8,99800.0,28.74222919
1970-01-01 00:28:57.014400,99800.0,99821.9,98620.0,98962.8,104.26105171
1970-01-01 00:28:57.018000,98962.8,99326.4,98650.0,99146.2,82.40206086
1970-01-01 00:28:57.021600,99146.3,99405.8,99110.4,99211.2,36.71715694
1970-01-01 00:28:57.025200,99211.3,99332.4,98730.7,99152.1,69.86742279
1970-01-01 00:28:57.028800,99152.0,99519.1,98897.4,99389.2,75.47181336
1970-01-01 00:28:57.032400,99389.3,99427.4,98762.8,99087.4,107.55234864
1970-01-01 00:28:57.036000,99087.5,99394.2,97502.1,97624.1,215.93638112
1970-01-01 00:28:57.039600,97624.2,99303.9,97347.0,99303.8,174.29055918
1970-01-01 00:28:57.043200,99303.8,99884.7,99070.1,99345.8,161.48955415
1970-01-01 00:28:57.046800,99336.2,100360.0,99176.9,99822.0,134.53380195
1970-01-01 00:28:57.050400,99822.0,100061.3,99256.1,99578.3,81.21625972
1970-01-01 00:28:57.054000,99578.2,100437.5,99394.1,100418.4,84.38835388
1970-01-01 00:28:57.057600,100417.7,100635.1,100261.4,100339.8,85.06036045
1970-01-01 00:28:57.061200,100343.1,100384.1,99716.0,100147.5,82.0907595
1970-01-01 00:28:57.064800,100147.6,100147.6,99363.1,99826.3,50.93686916
1970-01-01 00:28:57.068400,99826.4,100115.3,99739.2,99986.3,59.67438349
1970-01-01 00:28:57.072000,99986.3,100431.9,99944.8,100120.6,41.91716613
1970-01-01 00:28:57.075600,100120.6,101817.4,100034.6,101659.3,203.51826314
1970-01-01 00:28:57.079200,101659.3,102140.2,100794.6,101102.9,139.03668051
1970-01-01 00:28:57.082800,101103.0,101257.4,100933.6,101042.6,46.32357916
1970-01-01 00:28:57.086400,101046.4,101494.8,100950.0,101480.0,34.84530799
1970-01-01 00:28:57.090000,101480.0,101772.5,101309.4,101346.2,46.40064644
1970-01-01 00:28:57.093600,101346.1,101600.0,101303.1,101392.8,62.32977426
1970-01-01 00:28:57.097200,101392.9,101880.6,101389.9,101434.3,60.79446522
1970-01-01 00:28:57.100800,101434.3,102200.0,101433.8,102119.2,120.94341133
1970-01-01 00:28:57.104400,102119.3,102271.5,101742.6,101853.7,69.86354296
1970-01-01 00:28:57.108000,101853.8,102574.8,101791.8,102323.3,100.54441151
1970-01-01 00:28:57.111600,102323.4,102447.5,102079.2,102224.5,54.35841884
1970-01-01 00:28:57.115200,102224.5,102958.4,102189.4,102741.3,105.21665874
1970-01-01 00:28:57.118800,102741.4,102977.3,102414.8,102457.2,101.37557623
1970-01-01 00:28:57.122400,102456.8,103371.2,102270.9,103371.2,206.79862606
1970-01-01 00:28:57.126000,103371.7,104235.1,103277.4,103979.5,294.49797769
1970-01-01 00:28:57.129600,103988.6,105000.0,103832.4,104967.5,161.7967145
1970-01-01 00:28:57.133200,104973.0,105263.2,103999.9,104113.0,207.23032555
1970-01-01 00:28:57.136800,104119.6,104928.9,104026.9,104823.2,93.4856784
1970-01-01 00:28:57.140400,104823.2,105835.4,104683.3,105816.2,159.25281984
1970-01-01 00:28:57.144000,105816.3,105824.8,104539.9,104684.3,210.45515539
1970-01-01 00:28:57.147600,104678.5,105040.8,104468.8,104607.1,91.85695273
1970-01-01 00:28:57.151200,104607.1,104693.9,104201.5,104407.8,46.99530446
1970-01-01 00:28:57.154800,104407.9,104531.1,104076.3,104076.3,31.95981804
1970-01-01 00:28:57.158400,104076.4,104664.8,104074.3,104664.8,38.18775204
1970-01-01 00:28:57.162000,104664.8,104664.8,104100.0,104264.1,37.08244132
1970-01-01 00:28:57.165600,104264.2,104499.4,104246.9,104323.2,19.32586938
1970-01-01 00:28:57.169200,104326.9,104477.6,103062.5,103569.8,123.03786001
1970-01-01 00:28:57.172800,103569.8,103706.3,102684.9,103602.8,96.82497702
1970-01-01 00:28:57.176400,103602.9,103771.0,102823.0,102823.1,77.5642604
1970-01-01 00:28:57.180000,102823.1,103618.3,102823.0,103436.1,75.31828598
1970-01-01 00:28:57.183600,103436.1,103492.0,102605.1,102818.5,117.52335987
1970-01-01 00:28:57.187200,102817.6,103340.5,102275.0,103282.0,155.25429137
1970-01-01 00:28:57.190800,103282.0,103464.6,103051.1,103158.5,55.68868072
1970-01-01 00:28:57.194400,103158.6,103301.2,102836.6,103187.9,72.46633439
1970-01-01 00:28:57.198000,103184.5,103878.6,102938.7,103591.1,71.16508186
1970-01-01 00:28:57.201600,103591.1,104035.1,103381.1,103462.7,61.84477585
1970-01-01 00:28:57.205200,103462.8,104404.0,103135.4,104366.2,83.19891717
1970-01-01 00:28:57.208800,104366.2,104560.8,103730.9,103990.1,103.71950951
1970-01-01 00:28:57.212400,103990.2,104990.0,103761.1,104567.1,144.94375353
1970-01-01 00:28:57.216000,104567.2,104721.6,103146.6,103235.5,163.91909306
1970-01-01 00:28:57.219600,103235.5,104212.7,103235.5,103827.9,83.62934975
1970-01-01 00:28:57.223200,103828.0,104398.5,103780.9,104082.5,81.88961756
1970-01-01 00:28:57.226800,104082.6,104486.4,104076.1,104381.6,54.79840027
1970-01-01 00:28:57.230400,104381.6,104489.9,103780.0,104030.3,76.44380373
1970-01-01 00:28:57.234000,104030.4,104279.0,103880.7,103899.6,53.6710417
1970-01-01 00:28:57.237600,103893.1,104311.9,103868.3,104292.3,29.88904871
1970-01-01 00:28:57.241200,104292.4,104725.0,104292.4,104550.6,50.11552376
1970-01-01 00:28:57.244800,104550.6,104550.6,104111.3,104111.4,56.64627235
1970-01-01 00:28:57.248400,104111.4,104684.7,104001.3,104486.1,54.68369284
1970-01-01 00:28:57.252000,104486.2,105470.2,104477.7,104872.3,78.13202175
1970-01-01 00:28:57.255600,104872.3,105174.2,104550.9,104986.7,49.2045794
1970-01-01 00:28:57.259200,104986.8,105274.0,104690.1,105033.0,63.9589019
1970-01-01 00:28:57.262800,105033.1,105123.5,104268.4,105114.4,68.43557198
1970-01-01 00:28:57.266400,105117.4,105629.7,105023.3,105565.0,43.04220346
1970-01-01 00:28:57.270000,105565.0,105587.1,104963.5,105168.9,83.89307128
1970-01-01 00:28:57.273600,105168.9,105172.6,104322.7,104437.0,112.43123875
1970-01-01 00:28:57.277200,104437.0,105452.7,103451.9,105307.4,210.10902656
1970-01-01 00:28:57.280800,105307.5,105314.3,104413.6,104825.6,111.15090649
1970-01-01 00:28:57.284400,104825.5,105358.9,104212.0,104366.1,116.59782638
1970-01-01 00:28:57.288000,104367.0,105036.0,104292.0,104931.1,111.48464035
1970-01-01 00:28:57.291600,104931.2,105327.9,104865.2,104982.5,104.94976346
1970-01-01 00:28:57.295200,104982.6,105717.2,104800.0,105147.0,170.32074284
1970-01-01 00:28:57.298800,105147.0,105287.4,104530.5,104944.4,95.25764736
1970-01-01 00:28:57.302400,104936.9,105218.0,104720.0,104949.7,65.04848736
1970-01-01 00:28:57.306000,104949.8,105152.0,104529.5,105119.5,62.57939625
1970-01-01 00:28:57.309600,105119.6,105250.0,104902.2,105032.2,51.139748
1970-01-01 00:28:57.313200,105032.2,106186.6,104960.8,106169.9,112.20431382
1970-01-01 00:28:57.316800,106178.2,106443.4,105476.3,106275.6,160.1370658
1970-01-01 00:28:57.320400,106275.7,106374.7,103687.2,103687.2,341.36470393
1970-01-01 00:28:57.324000,103687.3,104497.0,101111.0,103396.4,470.06207195
1970-01-01 00:28:57.327600,103396.5,103396.5,99599.9,101317.1,702.16815799
1970-01-01 00:28:57.331200,101327.2,101669.8,99541.0,99784.5,354.43589936
1970-01-01 00:28:57.334800,99784.6,100995.3,99628.5,100690.7,254.3257095
1970-01-01 00:28:57.338400,100690.7,102321.4,100600.2,101918.8,156.42341601
1970-01-01 00:28:57.342000,101930.2,102214.1,101424.0,101924.0,132.18842521
1970-01-01 00:28:57.345600,101906.0,102800.1,101555.7,102228.5,84.17825588
1970-01-01 00:28:57.349200,102228.6,102824.1,102133.3,102344.9,82.57094156
1970-01-01 00:28:57.352800,102345.1,109699.6,102227.3,107519.0,450.71090027
1970-01-01 00:28:57.356400,107489.2,109481.6,106714.5,107102.7,534.72030764
1970-01-01 00:28:57.360000,107118.9,108378.4,107069.9,108329.1,149.57518501
1970-01-01 00:28:57.363600,108329.1,109177.1,107557.4,108142.0,198.39913415
1970-01-01 00:28:57.367200,108142.1,108733.8,107796.8,108015.7,134.78350239
1970-01-01 00:28:57.370800,108005.1,108544.6,107813.2,108226.0,131.58907655
1970-01-01 00:28:57.374400,108226.0,108694.7,105467.4,106914.3,304.65623474
1970-01-01 00:28:57.378000,106914.3,108113.6,106648.1,107928.9,209.12912109
1970-01-01 00:28:57.381600,107942.7,108135.8,107285.2,107870.8,116.35680771
1970-01-01 00:28:57.385200,107864.5,107988.0,104500.0,104939.8,264.07624382
1970-01-01 00:28:57.388800,104939.9,107035.2,103748.7,106670.5,270.70575865
1970-01-01 00:28:57.392400,106664.8,106775.2,100500.0,102947.0,1475.89928581
1970-01-01 00:28:57.396000,102979.6,104465.8,102710.1,103910.0,246.22902722
1970-01-01 00:28:57.399600,103924.3,103953.3,102723.4,103683.9,235.81558621
1970-01-01 00:28:57.403200,103684.0,104342.1,103349.5,103653.2,164.25215615
1970-01-01 00:28:57.406800,103639.8,104072.3,102560.7,102584.3,161.41067745
1970-01-01 00:28:57.410400,102596.2,103813.8,101847.9,103596.2,130.57153703
1970-01-01 00:28:57.414000,103596.2,103694.0,101736.6,102265.0,149.33593273
1970-01-01 00:28:57.417600,102259.4,102662.0,101088.0,101186.6,177.40590692
1970-01-01 00:28:57.421200,101186.6,102215.7,100100.0,101482.1,390.17556249
1970-01-01 00:28:57.424800,101487.4,102746.8,101058.1,102545.9,134.71038385
1970-01-01 00:28:57.428400,102546.0,103254.3,102285.1,102933.7,112.55969866
1970-01-01 00:28:57.432000,102925.5,102960.0,101925.0,102342.3,115.81304948
1970-01-01 00:28:57.435600,102333.2,102530.3,101324.0,101372.7,105.39796829
1970-01-01 00:28:57.439200,101370.6,102173.5,101116.3,102169.4,93.92229304
1970-01-01 00:28:57.442800,102170.9,102480.7,101820.3,101979.3,73.06453987
1970-01-01 00:28:57.446400,101979.2,102493.5,101735.6,102445.1,68.88410352
1970-01-01 00:28:57.450000,102445.1,102887.6,102075.5,102701.0,73.28058189
1970-01-01 00:28:57.453600,102701.0,103366.0,102564.8,103161.4,85.9969856
1970-01-01 00:28:57.457200,103161.5,103947.1,103074.8,103739.4,143.88030376
1970-01-01 00:28:57.460800,103735.0,104701.5,103604.1,104512.9,111.22966853
1970-01-01 00:28:57.464400,104513.9,104977.7,104140.5,104456.4,102.45325446
1970-01-01 00:28:57.468000,104458.2,105330.3,103000.0,103253.1,222.20979239
1970-01-01 00:28:57.471600,103264.4,104100.5,102800.0,103934.1,210.05144725
1970-01-01 00:28:57.475200,103943.3,106557.1,103800.0,104967.4,393.01808542
1970-01-01 00:28:57.478800,104961.8,106443.9,104892.7,106176.8,151.81527715
1970-01-01 00:28:57.482400,106176.8,107275.7,105885.1,106858.7,194.16298058
1970-01-01 00:28:57.486000,106858.7,107134.1,106265.2,107030.4,133.27014794
1970-01-01 00:28:57.489600,107025.8,107190.3,105912.9,106135.5,117.62701608
1970-01-01 00:28:57.493200,106132.1,106814.2,105752.2,106773.4,100.48872134
1970-01-01 00:28:57.496800,106767.4,106779.1,105983.6,105996.8,54.88397883
1970-01-01 00:28:57.500400,105996.9,106277.4,105407.1,106140.2,62.16728026
1970-01-01 00:28:57.504000,106140.2,106323.9,105800.1,105946.3,60.99593293
1970-01-01 00:28:57.507600,105940.8,106382.9,105454.0,105804.6,47.62538832
1970-01-01 00:28:57.511200,105804.5,106186.1,105554.4,105580.2,36.67648674
1970-01-01 00:28:57.514800,105583.0,105912.9,105583.0,105601.3,22.51160443
1970-01-01 00:28:57.518400,105601.3,105821.4,105303.2,105575.2,32.75833791
1970-01-01 00:28:57.522000,105575.2,105878.5,105483.6,105696.3,39.18478353
1970-01-01 00:28:57.525600,105696.4,105956.0,105199.0,105375.5,62.28122245
1970-01-01 00:28:57.529200,105375.6,105692.3,105051.6,105079.0,73.62235085
1970-01-01 00:28:57.532800,105079.1,105344.7,104697.9,105266.8,96.31403006
1970-01-01 00:28:57.536400,105263.9,105264.5,104905.7,104991.8,39.96097621
1970-01-01 00:28:57.540000,104991.8,105160.2,104647.6,105143.6,37.34049862
1970-01-01 00:28:57.543600,105143.5,105452.5,104737.9,105077.1,67.31681676
1970-01-01 00:28:57.547200,105089.9,105586.7,105055.7,105264.2,75.16573968
1970-01-01 00:28:57.550800,105264.2,105360.4,103825.6,104071.5,151.18609946
1970-01-01 00:28:57.554400,104075.8,104925.1,103656.1,104383.4,164.14747373
1970-01-01 00:28:57.558000,104396.9,105153.8,103973.5,104184.2,122.73559629
1970-01-01 00:28:57.561600,104183.9,104225.9,103337.1,103703.1,140.54508397
1970-01-01 00:28:57.565200,103715.7,104599.7,103672.9,104346.3,93.60270735
1970-01-01 00:28:57.568800,104346.3,104683.7,103750.6,103898.5,85.62644323
1970-01-01 00:28:57.572400,103898.6,104755.2,103859.8,104644.0,131.75514657
1970-01-01 00:28:57.576000,104644.0,104839.1,104076.7,104307.7,119.86940151
1970-01-01 00:28:57.579600,104319.5,104374.0,103632.6,104092.3,54.3354204
1970-01-01 00:28:57.583200,104085.9,104500.0,103766.3,103868.1,52.63585807
1970-01-01 00:28:57.586800,103873.8,104148.0,103649.8,103704.0,49.4047066
1970-01-01 00:28:57.590400,103710.2,103815.9,103056.4,103304.9,65.07761699
1970-01-01 00:28:57.594000,103299.7,103659.5,102587.2,102943.4,110.16691662
1970-01-01 00:28:57.597600,102943.5,103001.6,102118.5,102659.9,160.38320262
1970-01-01 00:28:57.601200,102659.9,102999.9,102169.3,102443.0,178.25627206
1970-01-01 00:28:57.604800,102443.0,102487.6,101606.9,102053.6,264.61165418
1970-01-01 00:28:57.608400,102052.4,102639.7,101980.3,102545.3,54.12903546
1970-01-01 00:28:57.612000,102545.4,102984.6,102222.4,102260.4,49.19353549
1970-01-01 00:28:57.615600,102260.5,102792.1,102082.8,102707.2,42.09221977
1970-01-01 00:28:57.619200,102707.9,102717.3,102056.4,102230.5,42.40845869
1970-01-01 00:28:57.622800,102230.6,102465.7,101650.4,101669.2,59.21335585
1970-01-01 00:28:57.626400,101669.2,102073.0,101261.4,101666.5,94.93246354
1970-01-01 00:28:57.630000,101666.5,102176.8,101666.5,101934.8,133.69727804
1970-01-01 00:28:57.633600,101934.8,102134.6,101412.3,101657.6,131.04771274
1970-01-01 00:28:57.637200,101657.6,102706.7,101310.1,102501.4,232.99450251
1970-01-01 00:28:57.640800,102501.3,106050.0,101975.4,105206.2,406.47264146
1970-01-01 00:28:57.644400,105206.2,105795.9,102605.2,105260.2,808.78965572
1970-01-01 00:28:57.648000,105260.2,106845.6,105037.4,105147.8,366.93686962
1970-01-01 00:28:57.651600,105136.0,106240.7,104220.4,105930.4,226.38695936
1970-01-01 00:28:57.655200,105933.5,106141.1,105110.0,105420.1,140.32535003
1970-01-01 00:28:57.658800,105420.2,105507.0,103394.8,103766.3,228.52333852
1970-01-01 00:28:57.662400,103766.3,106427.2,102589.3,103302.1,1074.15832122
1970-01-01 00:28:57.666000,103289.8,103411.0,102226.3,103085.4,322.13802263
1970-01-01 00:28:57.669600,103080.7,104700.0,102985.5,103971.0,305.85534231
1970-01-01 00:28:57.673200,103977.5,104544.9,103768.7,103907.0,69.71386252
1970-01-01 00:28:57.676800,103907.1,104160.8,103415.6,103455.2,86.07637935
1970-01-01 00:28:57.680400,103455.3,103919.6,103073.4,103241.3,72.34508078
1970-01-01 00:28:57.684000,103241.2,103541.9,102964.5,103032.6,54.69500845
1970-01-01 00:28:57.687600,103032.5,104284.5,102751.3,103885.6,118.42667879
1970-01-01 00:28:57.691200,103885.6,104915.5,103803.7,104627.9,77.08230414
1970-01-01 00:28:57.694800,104619.6,105270.6,104543.8,105221.7,77.89825049
1970-01-01 00:28:57.698400,105225.0,105361.5,104621.8,104998.4,70.83640729
1970-01-01 00:28:57.702000,105000.0,105180.0,104666.4,105039.9,49.61482096
1970-01-01 00:28:57.705600,105048.5,105637.9,104915.0,105496.0,80.77560703
1970-01-01 00:28:57.709200,105495.9,105751.9,105051.8,105147.6,79.02847961
1970-01-01 00:28:57.712800,105145.7,105429.4,105048.3,105419.6,83.63301635
1970-01-01 00:28:57.716400,105419.5,105544.8,105215.0,105420.4,37.18311179
1970-01-01 00:28:57.720000,105420.4,105602.2,105183.8,105527.8,48.45197843
1970-01-01 00:28:57.723600,105527.9,105767.9,104967.5,105109.2,140.67397649
1970-01-01 00:28:57.727200,105109.3,106309.0,104666.0,105742.0,176.23336563
1970-01-01 00:28:57.730800,105742.1,105997.3,105258.0,105860.6,87.58293595
1970-01-01 00:28:57.734400,105860.7,106174.3,105580.5,105646.3,99.49263856
1970-01-01 00:28:57.738000,105646.3,106694.8,105607.3,106459.8,117.97252567
1970-01-01 00:28:57.741600,106459.8,107113.6,106076.4,106325.5,167.37297249
1970-01-01 00:28:57.745200,106325.5,106620.8,105680.6,105754.6,234.18803527
1970-01-01 00:28:57.748800,105754.6,105766.6,104725.5,104827.7,99.72775837
1970-01-01 00:28:57.752400,104850.9,105387.5,104850.9,105109.9,60.86832447
1970-01-01 00:28:57.756000,105109.9,105477.6,104720.0,104757.4,58.72674029
1970-01-01 00:28:57.759600,104757.4,104924.3,104449.6,104857.2,50.6368091
1970-01-01 00:28:57.763200,104857.2,104857.2,104358.3,104424.7,62.56098006
1970-01-01 00:28:57.766800,104420.9,104811.7,104380.8,104745.6,33.53025691
1970-01-01 00:28:57.770400,104745.6,104843.0,104467.4,104554.5,42.08380051
1970-01-01 00:28:57.774000,104554.5,105283.0,104459.9,105206.1,39.11179635
1970-01-01 00:28:57.777600,105206.2,105206.2,104611.2,104657.9,17.36123094
1970-01-01 00:28:57.781200,104658.0,104707.2,104253.9,104373.8,35.7540218
1970-01-01 00:28:57.784800,104373.8,104478.8,104230.9,104315.9,32.51795528
1970-01-01 00:28:57.788400,104320.0,104521.4,104290.6,104390.2,13.20037541
1970-01-01 00:28:57.792000,104390.2,104501.5,104142.1,104357.9,25.9463453
1970-01-01 00:28:57.795600,104358.0,104457.1,104277.0,104371.9,15.48044273
1970-01-01 00:28:57.799200,104372.0,104662.6,104116.8,104540.0,39.35317503
1970-01-01 00:28:57.802800,104540.1,104678.0,104378.4,104656.0,151.94088058
1970-01-01 00:28:57.806400,104656.0,104782.0,104448.4,104741.8,28.44513253
1970-01-01 00:28:57.810000,104741.9,104867.6,104623.0,104706.5,60.31225471
1970-01-01 00:28:57.813600,104706.5,104722.3,104457.4,104594.7,19.41570283
1970-01-01 00:28:57.817200,104594.8,105106.3,104594.7,104888.5,59.1071715
1970-01-01 00:28:57.820800,104888.5,104996.2,104578.3,104650.0,44.20687999
1970-01-01 00:28:57.824400,104650.0,104920.3,104450.0,104901.4,56.97112124
1970-01-01 00:28:57.828000,104901.3,105287.2,104831.6,104973.5,55.06662007
1970-01-01 00:28:57.831600,104973.6,105151.3,104883.3,105046.2,117.95977203
1970-01-01 00:28:57.835200,105046.3,105197.1,104959.5,104960.1,25.10116469
1970-01-01 00:28:57.838800,104960.1,105111.3,104849.9,105095.7,35.12639941
1970-01-01 00:28:57.842400,105095.8,105250.0,104982.6,105073.1,27.08538045
1970-01-01 00:28:57.846000,105070.1,105130.7,104685.2,104740.1,29.84766886
1970-01-01 00:28:57.849600,104741.7,104847.6,104502.4,104597.5,30.80317349
1970-01-01 00:28:57.853200,104597.5,104777.1,104502.6,104614.5,16.90465338
1970-01-01 00:28:57.856800,104614.5,104708.1,104515.2,104684.6,15.49889411
1970-01-01 00:28:57.860400,104684.7,105242.8,104684.6,105064.2,55.59173989
1970-01-01 00:28:57.864000,105064.2,105511.9,104982.4,105167.7,49.14505053
1970-01-01 00:28:57.867600,105167.7,105199.9,105010.4,105096.8,17.52146886
1970-01-01 00:28:57.871200,105096.8,105111.6,104962.3,104995.9,15.86250297
1970-01-01 00:28:57.874800,104996.0,105104.1,104944.7,105002.9,12.97486437
1970-01-01 00:28:57.878400,105002.9,105232.5,104862.2,105035.2,32.42903694
1970-01-01 00:28:57.882000,105035.1,105035.1,104432.8,104632.6,56.5485906
1970-01-01 00:28:57.885600,104632.6,104720.8,104499.7,104720.8,24.29447957
1970-01-01 00:28:57.889200,104720.7,104850.3,104660.0,104830.0,23.00552723
1970-01-01 00:28:57.892800,104830.1,104898.0,104697.1,104898.0,17.34449505
1970-01-01 00:28:57.896400,104898.0,105050.0,104827.8,104952.0,27.20539204
1970-01-01 00:28:57.900000,104952.0,105010.3,104791.5,104942.9,20.33078653
1970-01-01 00:28:57.903600,104942.9,105090.1,104883.8,104963.0,26.38675343
1970-01-01 00:28:57.907200,104963.0,105042.3,104890.3,104930.5,22.9947046
1970-01-01 00:28:57.910800,104930.6,105050.0,104918.8,104943.5,28.43321776
1970-01-01 00:28:57.914400,104943.5,105250.3,104910.6,105179.6,52.3152745
1970-01-01 00:28:57.918000,105179.7,105240.3,105034.8,105083.9,17.97631165
1970-01-01 00:28:57.921600,105083.9,105200.0,104923.2,104949.5,19.13454985
1970-01-01 00:28:57.925200,104949.6,104995.7,104550.0,104553.4,36.24403483
1970-01-01 00:28:57.928800,104553.4,104710.8,104303.1,104325.7,39.11547253
1970-01-01 00:28:57.932400,104322.0,104322.0,102511.8,102617.4,218.64098328
1970-01-01 00:28:57.936000,102606.7,103272.8,101576.7,101727.0,201.00384808
1970-01-01 00:28:57.939600,101727.0,102077.1,101145.1,101306.5,133.51186878
1970-01-01 00:28:57.943200,101304.2,101683.9,100844.9,100988.2,160.50652903
1970-01-01 00:28:57.946800,100988.1,101862.4,100724.6,101399.5,77.89636957
1970-01-01 00:28:57.950400,101399.5,101399.5,100258.8,100412.3,169.91599182
1970-01-01 00:28:57.954000,100412.3,100745.6,99727.7,100374.4,278.07948856
1970-01-01 00:28:57.957600,100374.4,100500.0,98732.6,98956.6,273.29511221
1970-01-01 00:28:57.961200,98951.1,99411.3,97778.8,99054.1,258.60325663
1970-01-01 00:28:57.964800,99054.1,99361.5,98693.5,99048.6,158.36966316
1970-01-01 00:28:57.968400,99048.6,99533.4,98799.4,99422.2,115.95103623
1970-01-01 00:28:57.972000,99422.2,99452.1,98283.2,98393.7,143.69109127
1970-01-01 00:28:57.975600,98393.6,99360.9,98324.6,98756.1,113.00687494
1970-01-01 00:28:57.979200,98756.1,100893.4,98719.6,100624.6,157.24993526
1970-01-01 00:28:57.982800,100624.6,101651.3,100010.0,100461.1,336.92807545
1970-01-01 00:28:57.986400,100461.0,102341.8,100088.7,101915.9,346.75591559
1970-01-01 00:28:57.990000,101910.1,102109.6,100860.0,101112.7,174.59994996
1970-01-01 00:28:57.993600,101103.3,101241.8,99562.8,99745.8,391.78377189
1970-01-01 00:28:57.997200,99745.7,100054.8,99085.3,99150.3,500.73801881
1970-01-01 00:28:58.000800,99150.2,99738.0,98847.0,99183.0,147.93034102
1970-01-01 00:28:58.004400,99184.8,99951.1,99178.2,99706.3,105.45330733
1970-01-01 00:28:58.008000,99698.9,101749.9,99599.4,101371.8,156.10695754
1970-01-01 00:28:58.011600,101359.4,102407.1,100963.3,101361.3,235.45935404
1970-01-01 00:28:58.015200,101359.3,101948.8,101264.2,101627.1,53.66656084
1970-01-01 00:28:58.018800,101627.2,102181.1,101627.2,102083.3,76.34509026
1970-01-01 00:28:58.022400,102071.6,102887.5,101767.6,101846.1,92.41077918
1970-01-01 00:28:58.026000,101846.1,101984.4,101391.4,101391.4,44.04089631
1970-01-01 00:28:58.029600,101390.5,102422.6,101323.0,102401.1,76.25296607
1970-01-01 00:28:58.033200,102401.2,102884.9,102028.7,102634.0,82.09283587
1970-01-01 00:28:58.036800,102634.0,103361.8,102589.3,102906.2,104.2364683
1970-01-01 00:28:58.040400,102917.4,103340.8,102813.4,103008.8,58.79560072
1970-01-01 00:28:58.044000,103008.8,103200.8,102605.7,102744.8,43.57522588
1970-01-01 00:28:58.047600,102739.5,103322.3,102525.2,102801.8,53.71337748
1970-01-01 00:28:58.051200,102801.8,103035.3,102604.8,102844.2,56.02392026
1970-01-01 00:28:58.054800,102849.2,102958.4,102405.0,102958.3,46.73502253
1970-01-01 00:28:58.058400,102958.4,103175.9,102590.0,102745.3,55.39288253
1970-01-01 00:28:58.062000,102745.3,102942.2,102558.6,102761.1,46.58471196
1970-01-01 00:28:58.065600,102761.2,102989.6,102475.1,102588.6,54.26944585
1970-01-01 00:28:58.069200,102596.2,102929.1,102475.2,102595.6,50.15098383
1970-01-01 00:28:58.072800,102595.6,102897.0,101820.9,102640.7,207.23648569
1970-01-01 00:28:58.076400,102648.1,103789.3,102508.2,102775.2,174.25732982
1970-01-01 00:28:58.080000,102775.3,102899.6,101937.9,102252.6,129.62219432
1970-01-01 00:28:58.083600,102252.6,103097.7,102217.6,102581.5,88.58676246
1970-01-01 00:28:58.087200,102581.6,103098.7,102158.1,102205.2,112.97978763
1970-01-01 00:28:58.090800,102196.7,102661.0,101826.5,102434.5,84.24360139
1970-01-01 00:28:58.094400,102434.6,102547.9,101236.4,101285.7,124.22352417
1970-01-01 00:28:58.098000,101271.5,101539.9,100280.7,100358.1,155.07849921
1970-01-01 00:28:58.101600,100328.2,101420.2,100277.7,101269.8,105.10008226
1970-01-01 00:28:58.105200,101269.9,101441.5,100740.0,101336.8,88.33986543
1970-01-01 00:28:58.108800,101335.3,101823.0,101322.6,101708.5,69.62144052
1970-01-01 00:28:58.112400,101708.5,101994.1,101463.5,101847.1,36.2683994
1970-01-01 00:28:58.116000,101852.3,102327.4,101701.8,101797.2,43.90597492
1970-01-01 00:28:58.119600,101797.3,102163.9,101775.2,102039.7,28.37598912
1970-01-01 00:28:58.123200,102039.4,102192.7,101962.3,102001.5,31.60531034
1970-01-01 00:28:58.126800,102000.0,102390.9,101981.5,102267.4,26.54136852
1970-01-01 00:28:58.130400,102270.3,102842.7,102228.6,102805.8,44.83063157
1970-01-01 00:28:58.134000,102816.1,102817.0,102464.3,102752.6,40.77932348
1970-01-01 00:28:58.137600,102752.6,103023.0,102681.5,102732.9,62.72862804
1970-01-01 00:28:58.141200,102732.9,102774.5,102307.8,102330.1,57.1215988
1970-01-01 00:28:58.144800,102330.2,102725.9,102200.0,102532.1,49.094216
1970-01-01 00:28:58.148400,102532.1,102798.9,102420.4,102631.3,31.13391986
1970-01-01 00:28:58.152000,102631.3,102817.7,102207.8,102227.9,46.42600768
1970-01-01 00:28:58.155600,102230.8,102338.5,101714.5,101842.6,117.17289484
1970-01-01 00:28:58.159200,101842.6,102377.5,101587.4,102029.6,141.32672932
1970-01-01 00:28:58.162800,102024.9,102500.0,101783.2,101988.5,88.0823115
1970-01-01 00:28:58.166400,101984.4,102150.0,101679.6,102092.0,57.43026624
1970-01-01 00:28:58.170000,102091.9,102786.1,101995.3,102400.5,131.03139191
1970-01-01 00:28:58.173600,102400.6,103000.0,102001.0,102835.9,146.75344448
1970-01-01 00:28:58.177200,102844.6,104015.4,101428.4,103570.8,509.34651334
1970-01-01 00:28:58.180800,103578.9,104791.7,102854.0,104200.0,301.00690909
1970-01-01 00:28:58.184400,104187.5,104383.3,103735.0,103735.0,126.36683128
1970-01-01 00:28:58.188000,103734.9,104015.0,103389.1,103478.5,61.23949463
1970-01-01 00:28:58.191600,103478.5,104338.5,103450.8,103736.1,50.54731747
1970-01-01 00:28:58.195200,103742.0,104137.1,103266.6,104021.8,139.12982256
1970-01-01 00:28:58.198800,104021.8,104548.4,103921.1,104261.1,39.58803975
1970-01-01 00:28:58.202400,104261.2,104665.2,103994.6,104665.1,66.06761896
1970-01-01 00:28:58.206000,104665.2,105306.8,104500.3,105209.3,83.54084189
1970-01-01 00:28:58.209600,105196.6,105598.9,104849.8,105471.9,67.25459593
1970-01-01 00:28:58.213200,105471.9,105514.0,105041.0,105350.0,60.87578481
1970-01-01 00:28:58.216800,105350.0,105568.8,105136.1,105167.8,74.21447501
1970-01-01 00:28:58.220400,105167.9,105339.2,104800.7,105121.3,49.94582659
1970-01-01 00:28:58.224000,105128.8,105331.6,104916.5,105051.9,42.76825005
1970-01-01 00:28:58.227600,105051.8,105539.2,105000.1,105400.9,49.84570757
1970-01-01 00:28:58.231200,105401.0,105401.0,105101.4,105335.6,37.30401254
1970-01-01 00:28:58.234800,105335.6,105394.7,105070.5,105288.8,43.50200155
1970-01-01 00:28:58.238400,105288.8,105308.7,104848.2,105016.6,43.46819024
1970-01-01 00:28:58.242000,105016.7,105350.2,104837.5,104879.8,69.53231667
1970-01-01 00:28:58.245600,104879.9,106225.0,104665.3,105910.9,193.40761314625806
1970-01-01 00:28:58.249200,105911.0,106447.3,105391.4,105560.3,197.00148809465534
1970-01-01 00:28:58.252800,105560.3,106000.0,105473.6,105693.2,72.14129747
1970-01-01 00:28:58.256400,105693.2,105704.8,104917.0,105290.1,105.15389585108822
1970-01-01 00:28:58.260000,105290.0,105583.9,104742.5,105581.7,71.4424777
1970-01-01 00:28:58.263600,105581.8,105772.5,105238.7,105708.3,47.657731959654186
1970-01-01 00:28:58.267200,105708.4,105800.0,104837.4,104918.8,82.75392031
1970-01-01 00:28:58.270800,104910.7,105215.7,104794.9,105039.0,44.75842929
1970-01-01 00:28:58.274400,105029.5,105348.5,104970.6,105091.8,15.28035586
1970-01-01 00:28:58.278000,105091.8,105248.2,104679.1,104719.2,18.289770183941
1970-01-01 00:28:58.281600,104719.3,105007.8,104389.6,104890.2,82.2833653444988
1970-01-01 00:28:58.285200,104888.0,104909.2,104414.8,104726.1,35.08369253
1970-01-01 00:28:58.288800,104728.4,104856.2,104254.1,104338.2,33.92593802
1970-01-01 00:28:58.292400,104338.3,104379.3,103931.8,104329.5,61.69843618
1970-01-01 00:28:58.296000,104329.4,104561.6,103958.5,103999.2,31.42385349
1970-01-01 00:28:58.299600,103999.3,104482.5,103999.3,104312.2,22.88894101
1970-01-01 00:28:58.303200,104312.2,104739.8,104291.4,104527.0,24.83973323
1970-01-01 00:28:58.306800,104527.0,104812.3,104022.6,104198.8,38.23831615
1970-01-01 00:28:58.310400,104198.8,104331.8,104013.1,104019.0,46.6644425
1970-01-01 00:28:58.314000,104024.1,104329.9,103922.2,104250.0,39.53141398
1970-01-01 00:28:58.317600,104250.0,104428.0,104080.3,104281.5,20.32488872
1970-01-01 00:28:58.321200,104281.5,104843.6,104281.4,104726.6,56.36911912
1970-01-01 00:28:58.324800,104726.7,104924.9,104552.2,104715.1,56.40541239
1970-01-01 00:28:58.328400,104715.2,105027.9,104559.0,104661.6,68.63735024
1970-01-01 00:28:58.332000,104661.7,104861.8,104091.8,104442.4,83.80018388
1970-01-01 00:28:58.335600,104451.6,106031.2,104451.5,105453.3,151.55306128
1970-01-01 00:28:58.339200,105445.9,105577.0,104715.0,105090.6,71.85796753
1970-01-01 00:28:58.342800,105090.5,105090.6,104525.1,104587.8,63.86390613
1970-01-01 00:28:58.346400,104587.9,104824.4,102620.6,102652.4,248.53252216
1970-01-01 00:28:58.350000,102652.5,103028.4,102119.7,102319.4,199.58906565
1970-01-01 00:28:58.353600,102306.5,102332.3,101620.0,101679.1,190.827477
1970-01-01 00:28:58.357200,101679.0,102156.5,101566.5,102145.4,118.89875143
1970-01-01 00:28:58.360800,102145.4,102483.7,101919.5,102270.0,60.93519335
1970-01-01 00:28:58.364400,102270.0,102438.9,101944.2,102436.3,22.79062958
1970-01-01 00:28:58.368000,102438.4,102576.7,102214.6,102499.6,34.09473684
1970-01-01 00:28:58.371600,102499.5,102775.4,102467.9,102566.0,24.44245551
1970-01-01 00:28:58.375200,102566.1,102787.1,102400.5,102463.6,23.17162663
1970-01-01 00:28:58.378800,102459.8,102519.1,102201.1,102239.2,34.09372529
1970-01-01 00:28:58.382400,102239.3,102486.5,102128.4,102312.1,38.63106986
1970-01-01 00:28:58.386000,102312.2,102589.3,102241.8,102500.7,21.37295218
1970-01-01 00:28:58.389600,102500.7,102583.4,102184.1,102410.2,23.19206202
1970-01-01 00:28:58.393200,102410.3,102488.0,102164.0,102167.1,25.00847298
1970-01-01 00:28:58.396800,102167.0,102271.6,101850.3,102017.7,34.39373704
1970-01-01 00:28:58.400400,102017.7,102017.7,101428.4,101680.5,69.28051891
1970-01-01 00:28:58.404000,101680.6,101979.7,101632.7,101643.8,32.62269208
1970-01-01 00:28:58.407600,101643.8,102055.0,101643.8,102028.4,32.60918031
1970-01-01 00:28:58.411200,102028.3,102327.6,102007.6,102278.9,27.46663371
1970-01-01 00:28:58.414800,102278.9,102286.1,101823.8,101869.6,29.11486635
1970-01-01 00:28:58.418400,101871.2,102163.4,101818.0,101818.2,26.10969236
1970-01-01 00:28:58.422000,101818.2,102184.3,101719.5,102072.1,40.45499492
1970-01-01 00:28:58.425600,102072.1,102210.3,101860.6,101898.8,20.24016213
1970-01-01 00:28:58.429200,101898.8,102280.3,101898.7,102261.8,35.14718608
1970-01-01 00:28:58.432800,102261.8,102284.0,101962.1,101994.6,26.80443176
1970-01-01 00:28:58.436400,101994.6,102024.8,101527.5,101659.0,193.2879464869264
1970-01-01 00:28:58.440000,101659.0,101659.0,100976.2,101346.1,230.42233764
1970-01-01 00:28:58.443600,101346.1,101592.0,101002.9,101202.0,161.37930266
1970-01-01 00:28:58.447200,101202.1,101435.5,100502.5,100662.6,120.9219683
1970-01-01 00:28:58.450800,100662.7,100869.1,100277.1,100632.5,118.23127505
1970-01-01 00:28:58.454400,100632.6,101281.9,100279.0,101241.9,116.53883458
1970-01-01 00:28:58.458000,101241.9,101458.5,101160.9,101241.2,38.82292046
1970-01-01 00:28:58.461600,101241.2,101268.2,100416.1,100460.4,46.21738026
1970-01-01 00:28:58.465200,100460.5,100760.6,99165.1,99200.6,212.52979744
1970-01-01 00:28:58.468800,99200.6,99867.7,99024.5,99548.2,116.73459665
1970-01-01 00:28:58.472400,99548.3,100347.9,99500.0,100255.4,62.16934173
1970-01-01 00:28:58.476000,100255.4,100506.8,100105.4,100269.1,54.29606064
1970-01-01 00:28:58.479600,100271.1,100277.3,99601.7,99636.3,41.45255834
1970-01-01 00:28:58.483200,99636.3,100120.8,99320.9,99833.8,87.87771175
1970-01-01 00:28:58.486800,99833.8,99874.9,99375.2,99698.8,82.96374863
1970-01-01 00:28:58.490400,99698.8,99698.8,99265.2,99430.2,76.04921212
1970-01-01 00:28:58.494000,99430.3,99608.3,98622.4,98869.3,156.02319578
1970-01-01 00:28:58.497600,98869.4,99159.9,98168.8,98182.5,134.05250338
1970-01-01 00:28:58.501200,98182.5,98836.9,98176.2,98799.9,121.41449656
1970-01-01 00:28:58.504800,98799.9,99447.2,98712.4,99206.4,139.61160945
1970-01-01 00:28:58.508400,99199.9,99414.8,98733.2,99349.4,105.66527741
1970-01-01 00:28:58.512000,99349.4,99370.6,98086.2,98258.9,154.14476478
1970-01-01 00:28:58.515600,98258.9,98576.5,97004.1,97224.5,388.94146034
1970-01-01 00:28:58.519200,97236.3,97931.4,96818.8,97101.8,346.3395821
1970-01-01 00:28:58.522800,97099.1,98703.5,96851.0,98271.6,256.23069983
1970-01-01 00:28:58.526400,98266.1,98628.8,97653.4,97799.5,119.1922997
1970-01-01 00:28:58.530000,97797.3,97979.7,96569.5,97023.2,181.13313408
1970-01-01 00:28:58.533600,97037.3,98040.1,96136.3,98012.6,207.98896903
1970-01-01 00:28:58.537200,98007.3,98012.4,96543.3,97693.9,273.71158597
1970-01-01 00:28:58.540800,97686.0,97778.5,95444.9,96500.0,609.41514939
1970-01-01 00:28:58.544400,96500.0,96919.9,91000.0,92245.4,1057.79473421
1970-01-01 00:28:58.548000,92245.4,94617.8,90200.0,93390.4,940.07679182
1970-01-01 00:28:58.551600,93405.1,94645.4,93260.2,94032.7,295.53684142
1970-01-01 00:28:58.555200,94035.4,94480.0,92617.3,92773.3,208.29060252
1970-01-01 00:28:58.558800,92775.0,94267.5,92755.6,94199.4,195.64408693
1970-01-01 00:28:58.562400,94199.4,94597.7,93632.8,93897.9,144.0954824
1970-01-01 00:28:58.566000,93897.8,95400.0,93832.7,95311.4,210.72850871
1970-01-01 00:28:58.569600,95311.4,95607.6,94846.8,95322.6,198.14628053
1970-01-01 00:28:58.573200,95313.6,95932.0,95224.9,95252.8,202.23841134
1970-01-01 00:28:58.576800,95252.8,95728.8,94739.0,95710.3,188.88693303
1970-01-01 00:28:58.580400,95710.3,95714.1,94944.8,95098.2,121.02138339
1970-01-01 00:28:58.584000,95098.2,95619.1,94757.7,94757.7,155.19161834
1970-01-01 00:28:58.587600,94757.7,95392.4,94369.3,94658.3,216.14635401
1970-01-01 00:28:58.591200,94647.4,96696.0,94150.0,96590.1,449.674419
1970-01-01 00:28:58.594800,96581.8,99491.5,96170.4,98845.6,472.40081494
1970-01-01 00:28:58.598400,98845.6,99040.7,98162.3,98531.7,208.13282316
1970-01-01 00:28:58.602000,98531.8,99294.9,98026.9,99177.5,182.97900395
1970-01-01 00:28:58.605600,99172.3,99940.6,98947.2,99812.8,179.31414224
1970-01-01 00:28:58.609200,99812.0,101878.9,99567.6,101878.9,282.57465955
1970-01-01 00:28:58.612800,101878.8,102136.7,101000.0,101080.9,223.27907689
1970-01-01 00:28:58.616400,101068.1,101963.2,100917.2,101788.1,132.73717337
1970-01-01 00:28:58.620000,101788.1,102473.1,101488.2,101689.5,141.82963212
1970-01-01 00:28:58.623600,101700.5,101826.4,101274.9,101351.0,102.37657692
1970-01-01 00:28:58.627200,101351.0,101678.2,101044.9,101073.5,97.12057423
1970-01-01 00:28:58.630800,101073.6,101719.8,100753.6,101390.0,90.8182626
1970-01-01 00:28:58.634400,101384.3,101439.8,100817.0,100841.8,35.90162543
1970-01-01 00:28:58.638000,100841.9,101029.1,100554.6,100626.7,56.45935299
1970-01-01 00:28:58.641600,100626.7,100770.9,100013.3,100051.1,91.89363575
1970-01-01 00:28:58.645200,100051.1,100100.0,98249.2,98862.2,220.79296992
1970-01-01 00:28:58.648800,98862.3,99649.2,98830.0,99367.2,106.36683799
1970-01-01 00:28:58.652400,99367.2,99481.1,98317.9,98444.5,98.29632828
1970-01-01 00:28:58.656000,98444.4,98732.0,97855.5,98292.9,233.9443123
1970-01-01 00:28:58.659600,98292.9,98800.0,98261.0,98342.5,69.39611027
1970-01-01 00:28:58.663200,98342.5,98971.5,98342.5,98784.5,55.08721753
1970-01-01 00:28:58.666800,98777.1,99416.1,98749.8,98970.7,81.75036881
1970-01-01 00:28:58.670400,98970.7,99782.5,98970.7,99362.1,77.01708187
1970-01-01 00:28:58.674000,99371.7,99555.2,98963.7,99013.1,65.08610745
1970-01-01 00:28:58.677600,99013.1,100420.1,98582.8,99992.4,263.03847484
1970-01-01 00:28:58.681200,99981.4,100234.7,98289.0,99356.4,294.46376291
1970-01-01 00:28:58.684800,99348.6,99920.9,99033.8,99049.0,121.21046194
1970-01-01 00:28:58.688400,99048.9,99617.6,98836.2,99163.4,89.09822864
1970-01-01 00:28:58.692000,99163.4,99573.8,98783.2,99415.7,74.75408961
1970-01-01 00:28:58.695600,99415.8,100789.0,98795.2,98876.5,268.8338497
1970-01-01 00:28:58.699200,98868.4,99436.3,97972.3,98641.6,313.89209835
1970-01-01 00:28:58.702800,98653.2,98660.7,96425.7,96514.2,337.36272707
1970-01-01 00:28:58.706400,96514.2,97951.4,96142.6,97682.2,236.19038029
1970-01-01 00:28:58.710000,97689.2,98196.7,97468.6,97774.5,67.4515392
1970-01-01 00:28:58.713600,97768.5,98388.7,97725.5,98279.3,65.90280879
1970-01-01 00:28:58.717200,98279.3,98920.3,97688.6,97851.2,93.02617385
1970-01-01 00:28:58.720800,97851.2,98182.3,97141.1,97987.1,86.40716095
1970-01-01 00:28:58.724400,97987.1,98312.6,97777.7,98055.6,42.30386647
1970-01-01 00:28:58.728000,98049.9,98332.3,97896.0,98036.3,27.50407674
1970-01-01 00:28:58.731600,98036.3,98322.1,97704.2,98134.3,46.37449409
1970-01-01 00:28:58.735200,98134.3,98228.1,97563.5,97647.3,52.06822153
1970-01-01 00:28:58.738800,97655.0,97975.3,97354.0,97851.2,100.65316438
1970-01-01 00:28:58.742400,97851.1,98040.4,97558.9,97615.1,28.77199631
1970-01-01 00:28:58.746000,97615.1,97963.1,97267.3,97399.2,42.17211204
1970-01-01 00:28:58.749600,97399.2,98036.6,97365.6,97727.8,40.07846371
1970-01-01 00:28:58.753200,97727.8,98226.8,97704.7,98208.6,50.38397738
1970-01-01 00:28:58.756800,98208.6,98797.3,98000.1,98072.3,90.20175156
1970-01-01 00:28:58.760400,98063.3,98692.0,97956.9,98586.5,47.6394676
1970-01-01 00:28:58.764000,98586.6,99208.4,98138.5,98292.6,112.24510746
1970-01-01 00:28:58.767600,98292.6,98567.2,97769.2,98104.2,113.07350719
1970-01-01 00:28:58.771200,98092.6,98292.5,97340.4,97978.8,118.94680957
1970-01-01 00:28:58.774800,97978.9,98266.7,97351.2,97550.9,91.22946286
1970-01-01 00:28:58.778400,97550.9,97689.0,96507.6,96727.7,169.65481342
1970-01-01 00:28:58.782000,96722.2,97520.2,96490.7,97371.6,96.3396697
1970-01-01 00:28:58.785600,97371.6,97698.9,96870.8,97313.1,96.47665899
1970-01-01 00:28:58.789200,97316.3,97524.9,96768.0,96912.9,50.45238635
1970-01-01 00:28:58.792800,96912.8,97051.3,96286.4,96460.8,92.12433271
1970-01-01 00:28:58.796400,96460.7,96855.3,96152.8,96616.6,75.37717292
1970-01-01 00:28:58.800000,96606.9,96993.2,96437.0,96811.9,82.68266048
1970-01-01 00:28:58.803600,96818.8,97207.1,96627.8,97143.0,127.59878322
1970-01-01 00:28:58.807200,97150.2,97433.0,97092.4,97350.8,44.0644826
1970-01-01 00:28:58.810800,97350.7,97478.0,97058.9,97347.8,38.15934887
1970-01-01 00:28:58.814400,97345.0,97828.9,97263.0,97606.2,35.8642033
1970-01-01 00:28:58.818000,97606.3,97872.8,97572.4,97820.1,36.731311
1970-01-01 00:28:58.821600,97820.1,98420.8,97694.3,98378.3,50.74902494
1970-01-01 00:28:58.825200,98378.3,98378.3,98006.6,98191.3,35.86458289
1970-01-01 00:28:58.828800,98193.7,98321.6,97907.0,98126.0,43.43451629
1970-01-01 00:28:58.832400,98126.1,98728.6,98099.1,98608.8,90.38445274
1970-01-01 00:28:58.836000,98608.7,99053.9,98608.7,99011.2,76.63169134
1970-01-01 00:28:58.839600,99011.2,99119.7,98393.8,98867.1,65.83712273
1970-01-01 00:28:58.843200,98867.0,99045.3,98281.7,98339.9,57.66032305
1970-01-01 00:28:58.846800,98340.0,98771.6,98164.3,98608.5,86.74118141
1970-01-01 00:28:58.850400,98605.1,98906.3,97800.0,97838.2,151.46641769
1970-01-01 00:28:58.854000,97838.2,98059.1,96940.1,97329.6,172.71098512
1970-01-01 00:28:58.857600,97333.5,97544.9,96378.5,96581.3,116.34489268
1970-01-01 00:28:58.861200,96590.7,97176.0,96380.0,96708.2,89.41928438
1970-01-01 00:28:58.864800,96708.2,96835.4,95896.1,96316.1,146.17411297
1970-01-01 00:28:58.868400,96314.1,96936.3,95700.0,95981.7,170.15253449
1970-01-01 00:28:58.872000,95976.8,97080.2,95800.0,96913.0,80.85840462
1970-01-01 00:28:58.875600,96913.8,96946.1,96108.0,96811.2,96.91067692
1970-01-01 00:28:58.879200,96811.3,96939.8,96180.8,96939.8,71.86228084
1970-01-01 00:28:58.882800,96939.8,96967.6,96200.0,96555.7,40.36616533
1970-01-01 00:28:58.886400,96555.8,96923.5,96410.7,96512.0,45.30617592
1970-01-01 00:28:58.890000,96506.6,97800.5,96506.5,97388.5,100.87114745
1970-01-01 00:28:58.893600,97388.4,97621.8,97059.6,97574.7,54.42820345
1970-01-01 00:28:58.897200,97574.8,97763.1,97250.8,97450.1,30.42093977
1970-01-01 00:28:58.900800,97450.2,97875.7,97381.1,97435.6,32.85972237
1970-01-01 00:28:58.904400,97435.6,97536.9,97145.9,97337.7,32.04897353
1970-01-01 00:28:58.908000,97343.8,97365.9,96590.7,96744.9,120.85721844
1970-01-01 00:28:58.911600,96744.9,97213.8,96645.3,96748.3,57.11919271
1970-01-01 00:28:58.915200,96748.3,97260.0,96608.3,97017.8,56.66606883
1970-01-01 00:28:58.918800,97017.8,97386.5,97017.8,97285.8,43.40152521
1970-01-01 00:28:58.922400,97285.8,97489.5,97251.6,97263.9,32.5133271
1970-01-01 00:28:58.926000,97263.9,97761.7,97263.8,97760.2,67.92808383
1970-01-01 00:28:58.929600,97760.2,98030.0,97513.0,97960.4,72.04994455
1970-01-01 00:28:58.933200,97963.2,98847.9,97195.7,98819.7,258.77741454
1970-01-01 00:28:58.936800,98819.7,100132.5,98675.0,99709.1,302.09632153
1970-01-01 00:28:58.940400,99709.1,99709.2,97613.3,98288.8,343.69611615
1970-01-01 00:28:58.944000,98304.0,98569.8,97673.5,97813.3,140.04409448
1970-01-01 00:28:58.947600,97819.5,98169.3,97137.6,97436.5,114.87928241
1970-01-01 00:28:58.951200,97431.1,98351.0,97294.0,97746.7,61.57942204
1970-01-01 00:28:58.954800,97746.8,97828.1,96889.9,96895.7,79.46578687
1970-01-01 00:28:58.958400,96890.4,96936.4,95609.8,95754.0,180.08290131
1970-01-01 00:28:58.962000,95759.7,96154.5,95684.1,96003.1,61.83122763
1970-01-01 00:28:58.965600,96010.8,96103.1,95632.9,96060.5,55.36872469285629
1970-01-01 00:28:58.969200,96060.6,96520.0,95869.7,96511.4,37.82810859
1970-01-01 00:28:58.972800,96511.4,96856.7,96343.5,96655.0,37.98227735
1970-01-01 00:28:58.976400,96655.1,96772.8,96385.1,96518.6,37.50680015
1970-01-01 00:28:58.980000,96518.7,96820.4,96407.3,96750.0,37.95994371
1970-01-01 00:28:58.983600,96750.1,96877.8,96531.0,96701.9,28.38819955
1970-01-01 00:28:58.987200,96702.0,96702.0,96228.1,96307.5,23.37919687
1970-01-01 00:28:58.990800,96307.5,96356.7,96059.4,96207.1,33.13716076
1970-01-01 00:28:58.994400,96207.2,96222.6,95891.9,95997.4,28.71473058
1970-01-01 00:28:58.998000,95997.5,96302.7,95777.2,96199.7,45.24993753
1970-01-01 00:28:59.001600,96199.6,96294.8,95879.9,95879.9,37.23697234
1970-01-01 00:28:59.005200,95880.0,96191.3,95880.0,96161.7,26.70082051
1970-01-01 00:28:59.008800,96161.7,96293.4,96004.7,96042.6,32.41985308
1970-01-01 00:28:59.012400,96042.7,96127.5,95858.1,96122.0,24.36566283
1970-01-01 00:28:59.016000,96121.9,96265.1,95899.1,96058.5,44.42930629
1970-01-01 00:28:59.019600,96062.5,96494.8,96004.8,96240.6,41.51865627
1970-01-01 00:28:59.023200,96235.2,96373.0,95942.4,96094.3,36.91529467
1970-01-01 00:28:59.026800,96094.3,96201.9,95670.7,95838.1,48.75638085
1970-01-01 00:28:59.030400,95839.9,96133.1,95727.8,96125.4,60.15334861
1970-01-01 00:28:59.034000,96125.5,96385.1,96125.4,96364.9,32.3716525
1970-01-01 00:28:59.037600,96364.8,96523.0,96225.4,96508.5,24.8172393
1970-01-01 00:28:59.041200,96508.6,96749.0,96382.9,96585.0,28.75924489
1970-01-01 00:28:59.044800,96585.0,96628.2,96355.6,96459.1,26.93140713
1970-01-01 00:28:59.048400,96459.1,96599.0,96355.0,96536.6,19.5560637
1970-01-01 00:28:59.052000,96536.7,96698.9,96380.6,96479.6,14.31530162
1970-01-01 00:28:59.055600,96479.6,96685.8,96426.9,96447.2,12.34414661
1970-01-01 00:28:59.059200,96447.2,96590.8,96357.1,96570.8,16.36663896
1970-01-01 00:28:59.062800,96570.8,96984.0,96482.7,96979.8,46.05465693
1970-01-01 00:28:59.066400,96975.6,97049.9,96686.8,96728.7,33.56218394
1970-01-01 00:28:59.070000,96728.7,97300.0,96692.4,97299.9,52.11694782
1970-01-01 00:28:59.073600,97300.0,97317.0,96967.4,97217.9,57.6689443
1970-01-01 00:28:59.077200,97218.0,97227.8,96999.6,97017.1,25.85155351
1970-01-01 00:28:59.080800,97017.2,97070.6,96772.8,97004.5,33.13829549
1970-01-01 00:28:59.084400,97004.5,97122.6,96931.4,97061.4,21.35514208
1970-01-01 00:28:59.088000,97061.5,97290.0,97054.1,97076.6,33.24842247
1970-01-01 00:28:59.091600,97076.6,97076.6,96895.2,96924.2,32.01959126
1970-01-01 00:28:59.095200,96924.2,96926.5,96662.7,96771.6,56.61860421
1970-01-01 00:28:59.098800,96771.6,97037.5,96557.6,96557.7,45.84180131
1970-01-01 00:28:59.102400,96557.7,96704.1,96390.3,96535.0,41.47614846
1970-01-01 00:28:59.106000,96535.1,96545.6,95825.4,95881.2,59.05838602
1970-01-01 00:28:59.109600,95881.2,96299.9,95713.6,96128.0,40.09314951
1970-01-01 00:28:59.113200,96124.1,96664.8,96118.2,96484.8,49.80945277
1970-01-01 00:28:59.116800,96484.7,96552.8,96320.1,96450.4,21.72976845
1970-01-01 00:28:59.120400,96450.5,96576.1,95950.0,96167.2,39.4376217
1970-01-01 00:28:59.124000,96167.2,96284.5,95980.9,96219.5,17.3507507
1970-01-01 00:28:59.127600,96219.5,96279.2,95888.0,96064.1,32.9052904
1970-01-01 00:28:59.131200,96064.2,96760.0,96039.8,96319.2,67.45246473
1970-01-01 00:28:59.134800,96319.3,96342.5,94720.3,95165.0,218.46075442
1970-01-01 00:28:59.138400,95165.1,96440.2,94783.1,95824.7,155.99641689
1970-01-01 00:28:59.142000,95817.5,96561.0,95723.9,96467.7,37.22026352
1970-01-01 00:28:59.145600,96467.7,97129.1,96467.6,96723.0,69.62214246
1970-01-01 00:28:59.149200,96723.1,96835.2,95269.5,95578.5,85.29830104
1970-01-01 00:28:59.152800,95578.5,96056.7,95420.2,95797.8,51.97940674
1970-01-01 00:28:59.156400,95796.7,97089.9,95768.5,96806.0,93.90807361
1970-01-01 00:28:59.160000,96806.1,97172.4,96626.6,96930.8,56.24414646
1970-01-01 00:28:59.163600,96930.7,97651.1,96767.4,97024.6,146.54977649
1970-01-01 00:28:59.167200,97029.1,97227.1,96800.1,97159.1,61.64241255
1970-01-01 00:28:59.170800,97159.2,97483.8,97097.7,97432.9,68.23223423
1970-01-01 00:28:59.174400,97433.0,97890.7,97349.6,97680.6,85.2521148
1970-01-01 00:28:59.178000,97680.7,97866.5,97449.4,97670.4,48.20709604
1970-01-01 00:28:59.181600,97670.3,97960.9,97592.9,97729.6,63.13406905
1970-01-01 00:28:59.185200,97729.7,97899.9,97617.7,97652.7,29.214412
1970-01-01 00:28:59.188800,97652.8,97793.0,97189.8,97369.4,72.78687462
1970-01-01 00:28:59.192400,97369.4,98334.3,97365.4,98219.5,96.09051746
1970-01-01 00:28:59.196000,98219.4,98300.0,97072.9,97272.5,130.61868016
1970-01-01 00:28:59.199600,97272.4,97576.6,96871.2,97230.4,85.27335762
1970-01-01 00:28:59.203200,97230.5,97404.5,96878.0,97299.1,35.13546952
1970-01-01 00:28:59.206800,97302.0,97500.0,96880.0,97496.8,78.24921607
1970-01-01 00:28:59.210400,97496.8,97562.6,97181.3,97562.2,49.59817831
1970-01-01 00:28:59.214000,97562.2,97643.1,97252.0,97384.3,39.06826622
1970-01-01 00:28:59.217600,97384.3,97489.4,97216.6,97341.5,41.85051952
1970-01-01 00:28:59.221200,97341.5,97387.2,97129.7,97387.2,27.09495631
1970-01-01 00:28:59.224800,97387.1,97500.1,97281.0,97394.6,55.73420094
1970-01-01 00:28:59.228400,97394.7,97455.5,97240.5,97433.3,20.06767662
1970-01-01 00:28:59.232000,97433.4,98142.4,97417.8,97776.7,61.54067641
1970-01-01 00:28:59.235600,97776.8,98100.0,97776.8,98004.0,32.68449602
1970-01-01 00:28:59.239200,98004.0,98099.9,97464.9,97760.9,66.90645799
1970-01-01 00:28:59.242800,97765.6,97765.6,97480.2,97607.0,35.8221498
1970-01-01 00:28:59.246400,97607.0,98184.4,97552.3,98055.6,59.62447221
1970-01-01 00:28:59.250000,98055.7,98473.0,98001.0,98404.4,137.88276106
1970-01-01 00:28:59.253600,98404.9,98475.0,98125.3,98429.0,53.35528761
1970-01-01 00:28:59.257200,98425.9,98471.2,98259.8,98270.7,44.64175808
1970-01-01 00:28:59.260800,98270.8,98333.6,98111.0,98234.4,48.22825021
1970-01-01 00:28:59.264400,98234.5,98300.0,97916.1,97990.6,49.59984534
1970-01-01 00:28:59.268000,97990.5,98134.8,97876.5,97957.7,33.75691675
1970-01-01 00:28:59.271600,97957.8,98235.3,97886.5,98142.6,37.53497268
1970-01-01 00:28:59.275200,98142.7,98158.8,97673.4,97764.0,52.84690977
1970-01-01 00:28:59.278800,97764.1,97843.1,96668.3,96788.6,119.06374655
1970-01-01 00:28:59.282400,96787.2,97306.3,96587.1,96966.3,90.38484358
1970-01-01 00:28:59.286000,96966.3,97256.7,96620.8,97012.0,76.28486467
1970-01-01 00:28:59.289600,97015.9,97040.8,96300.0,96359.5,123.6001135
1970-01-01 00:28:59.293200,96366.2,96384.1,95950.0,96156.3,117.72843678
1970-01-01 00:28:59.296800,96156.3,96156.3,95414.9,95469.0,93.82779849
1970-01-01 00:28:59.300400,95469.0,95659.7,94867.8,95043.5,194.00373755
1970-01-01 00:28:59.304000,95036.0,95438.5,94938.4,95298.3,83.6539944
1970-01-01 00:28:59.307600,95298.4,96448.6,95257.3,96387.5,136.98639864
1970-01-01 00:28:59.311200,96387.4,96511.3,95348.0,95574.3,62.36363892
1970-01-01 00:28:59.314800,95583.6,95964.6,95490.6,95780.0,35.81965419
1970-01-01 00:28:59.318400,95780.1,96125.0,95672.1,96054.5,33.21488201
1970-01-01 00:28:59.322000,96054.5,96261.0,95810.1,96204.4,17.97372386
1970-01-01 00:28:59.325600,96204.4,96212.3,95373.6,95567.3,36.13881681
1970-01-01 00:28:59.329200,95572.7,95756.7,95103.4,95299.0,58.99099915
1970-01-01 00:28:59.332800,95295.4,95610.9,95272.6,95544.3,38.75973725
1970-01-01 00:28:59.336400,95559.3,95923.0,95507.7,95887.1,36.78263117
1970-01-01 00:28:59.340000,95887.1,95958.6,95685.0,95821.7,29.25664223
1970-01-01 00:28:59.343600,95821.7,96175.5,95796.5,96073.4,31.31327203
1970-01-01 00:28:59.347200,96073.3,96460.8,96049.9,96355.3,36.84619291
1970-01-01 00:28:59.350800,96355.3,96372.1,96046.3,96136.5,21.67808072
1970-01-01 00:28:59.354400,96136.6,96197.2,95923.6,95980.8,28.54697527
1970-01-01 00:28:59.358000,95980.9,96379.5,95980.8,96097.4,33.39255303
1970-01-01 00:28:59.361600,96097.5,96359.0,95944.7,95975.6,30.58614429
1970-01-01 00:28:59.365200,95975.6,96625.7,94073.7,94958.1,519.70244577
1970-01-01 00:28:59.368800,94958.1,95683.2,94500.0,95629.1,182.78950122
1970-01-01 00:28:59.372400,95629.1,95982.2,94727.0,95814.1,140.85213379
1970-01-01 00:28:59.376000,95814.1,97100.6,95119.2,96986.8,133.95828406
1970-01-01 00:28:59.379600,96975.1,97705.9,96771.9,97359.5,247.10004541
1970-01-01 00:28:59.383200,97365.8,97457.9,96630.0,96919.4,101.44885951
1970-01-01 00:28:59.386800,96919.4,97281.4,96347.5,97200.6,70.74470202
1970-01-01 00:28:59.390400,97200.6,97637.4,96926.0,97036.1,73.22991507
1970-01-01 00:28:59.394000,97040.0,97909.1,96859.8,97642.8,67.24223404
1970-01-01 00:28:59.397600,97642.9,98101.0,97410.3,97807.0,86.06970439
1970-01-01 00:28:59.401200,97803.6,98008.9,97585.9,97861.7,51.59865857
1970-01-01 00:28:59.404800,97861.7,97861.8,97518.7,97822.5,29.75615728
1970-01-01 00:28:59.408400,97822.6,98082.1,97736.4,97978.7,30.99326505
1970-01-01 00:28:59.412000,97978.7,97978.7,97367.9,97473.8,60.23257294
1970-01-01 00:28:59.415600,97473.9,97635.1,97454.7,97503.0,15.29115548
1970-01-01 00:28:59.419200,97503.1,97554.1,96773.8,96944.9,39.34203009
1970-01-01 00:28:59.422800,96944.8,96948.0,96517.6,96667.7,48.0378184
1970-01-01 00:28:59.426400,96667.7,96756.0,95801.9,96049.7,89.77320172
1970-01-01 00:28:59.430000,96049.8,96232.7,95903.5,96070.5,27.3345206
1970-01-01 00:28:59.433600,96070.5,96175.2,95707.9,95939.7,49.97981364
1970-01-01 00:28:59.437200,95939.7,96293.3,95775.2,96261.7,47.38106691
1970-01-01 00:28:59.440800,96261.8,96335.2,96110.4,96148.3,40.92007987
1970-01-01 00:28:59.444400,96148.3,96272.5,95598.5,95930.3,64.49662413
1970-01-01 00:28:59.448000,95930.4,96070.7,95700.9,95819.4,50.64427332
1970-01-01 00:28:59.451600,95821.7,96319.4,95666.6,96051.7,121.36263307
1970-01-01 00:28:59.455200,96068.5,96103.2,95339.0,95865.7,117.25201935
1970-01-01 00:28:59.458800,95865.7,96460.8,95551.1,95998.0,138.72198126
1970-01-01 00:28:59.462400,95998.1,96002.0,95208.4,95364.9,79.94848971
1970-01-01 00:28:59.466000,95361.6,96009.3,95305.3,95697.0,60.42405989
1970-01-01 00:28:59.469600,95698.8,95984.2,95343.5,95961.9,81.15116453
1970-01-01 00:28:59.473200,95971.5,96363.3,95566.9,95622.6,63.81563058
1970-01-01 00:28:59.476800,95622.6,96295.9,95600.2,96264.1,48.68638126
1970-01-01 00:28:59.480400,96264.2,96775.5,96245.8,96488.7,74.8613954
1970-01-01 00:28:59.484000,96488.8,96633.7,96256.4,96408.4,48.25844809
1970-01-01 00:28:59.487600,96408.8,96630.0,96315.2,96611.4,24.30027809
1970-01-01 00:28:59.491200,96611.4,96971.7,96489.5,96749.6,57.02634819
1970-01-01 00:28:59.494800,96747.5,96889.5,96369.9,96522.9,21.25959107
1970-01-01 00:28:59.498400,96522.8,96811.7,96455.5,96536.9,14.6806632
1970-01-01 00:28:59.502000,96537.0,97195.0,96537.0,97139.3,42.52876032
1970-01-01 00:28:59.505600,97139.3,97240.6,96755.0,96758.7,31.82411303
1970-01-01 00:28:59.509200,96758.8,96913.3,96559.8,96681.4,22.04511682
1970-01-01 00:28:59.512800,96681.4,96866.5,96611.7,96832.2,32.79527121
1970-01-01 00:28:59.516400,96832.2,97071.6,96819.1,96934.0,31.23915469
1970-01-01 00:28:59.520000,96933.9,97017.7,96792.2,96880.7,28.59978271
1970-01-01 00:28:59.523600,96880.8,97160.4,96847.2,97111.8,52.65091782
1970-01-01 00:28:59.527200,97111.8,97197.9,96968.4,97010.4,37.58620041
1970-01-01 00:28:59.530800,97010.4,97142.9,96800.1,96895.0,44.77669707
1970-01-01 00:28:59.534400,96895.0,96895.0,96526.3,96663.0,51.42129278
1970-01-01 00:28:59.538000,96662.9,96993.1,96466.6,96789.2,50.49745328
1970-01-01 00:28:59.541600,96787.1,97567.1,96570.0,97291.0,124.93358866
1970-01-01 00:28:59.545200,97291.1,97403.9,96274.5,96924.9,148.51510886
1970-01-01 00:28:59.548800,96928.5,97713.9,96500.0,97651.8,104.86553755
1970-01-01 00:28:59.552400,97651.8,98829.0,97135.9,98530.5,235.33519575
1970-01-01 00:28:59.556000,98533.0,98743.1,98166.1,98193.4,152.7224934
1970-01-01 00:28:59.559600,98193.5,98441.1,97653.1,97936.8,105.57949528
1970-01-01 00:28:59.563200,97936.9,98268.1,97000.4,97187.8,88.58371934
1970-01-01 00:28:59.566800,97194.7,97488.5,96702.2,97454.5,133.48521517
1970-01-01 00:28:59.570400,97454.3,97532.9,96927.4,97128.8,43.97122899
1970-01-01 00:28:59.574000,97128.8,97515.5,96991.8,97491.2,34.45065875
1970-01-01 00:28:59.577600,97491.1,97516.7,97220.1,97458.2,43.03960971
1970-01-01 00:28:59.581200,97458.3,97849.8,97432.5,97807.1,50.94933742
1970-01-01 00:28:59.584800,97807.0,97917.1,97632.1,97844.4,28.11748028
1970-01-01 00:28:59.588400,97844.4,97977.2,97635.5,97656.4,37.71015862
1970-01-01 00:28:59.592000,97656.5,97799.9,97444.4,97519.6,38.38831671
1970-01-01 00:28:59.595600,97519.6,97653.9,97452.2,97610.2,74.65494448
1970-01-01 00:28:59.599200,97610.3,97673.8,97450.0,97490.3,23.25060472
1970-01-01 00:28:59.602800,97490.4,97528.5,97350.8,97350.9,32.41345354
1970-01-01 00:28:59.606400,97350.9,97545.0,97307.4,97516.2,20.8613331
1970-01-01 00:28:59.610000,97516.2,97608.9,97429.9,97562.8,23.6030762
1970-01-01 00:28:59.613600,97562.9,97730.4,97451.2,97657.3,27.38690259
1970-01-01 00:28:59.617200,97657.3,97674.7,97476.0,97610.3,26.8286591
1970-01-01 00:28:59.620800,97618.7,97833.8,97530.9,97755.0,47.20063496
1970-01-01 00:28:59.624400,97755.0,97941.3,97670.4,97708.1,22.71133072
1970-01-01 00:28:59.628000,97708.2,97755.8,97419.4,97603.6,37.08577407
1970-01-01 00:28:59.631600,97603.6,97716.2,97550.7,97631.1,27.56065265
1970-01-01 00:28:59.635200,97631.2,97716.4,97461.3,97534.1,26.39111281
1970-01-01 00:28:59.638800,97534.2,97580.3,97310.7,97407.3,33.42752404
1970-01-01 00:28:59.642400,97407.3,97599.7,97367.3,97544.7,53.48555684
1970-01-01 00:28:59.646000,97544.7,97660.1,97507.8,97529.9,21.77704166
1970-01-01 00:28:59.649600,97529.9,97648.1,97412.9,97538.3,27.81365901
1970-01-01 00:28:59.653200,97538.3,97690.0,97538.2,97675.0,31.02502297
1970-01-01 00:28:59.656800,97675.0,97746.8,97426.2,97540.9,20.65601589
1970-01-01 00:28:59.660400,97541.0,97636.9,97421.9,97576.0,32.40056838
1970-01-01 00:28:59.664000,97576.0,97710.8,97560.7,97593.2,25.08926668
1970-01-01 00:28:59.667600,97593.3,97671.9,97534.9,97647.2,16.51984233
1970-01-01 00:28:59.671200,97647.2,97654.6,97470.2,97532.3,35.63052631
1970-01-01 00:28:59.674800,97532.4,97559.0,97423.3,97552.4,53.67347632
1970-01-01 00:28:59.678400,97552.5,97589.5,97483.7,97530.5,13.00456722
1970-01-01 00:28:59.682000,97530.6,97690.2,97487.0,97600.0,18.03922068
1970-01-01 00:28:59.685600,97600.1,97629.8,97453.8,97485.2,10.66872243
1970-01-01 00:28:59.689200,97485.2,97485.2,97213.4,97257.0,37.98427425
1970-01-01 00:28:59.692800,97257.0,97357.9,97136.7,97174.4,41.5747163
1970-01-01 00:28:59.696400,97174.4,97377.6,97063.2,97366.8,25.59599842
1970-01-01 00:28:59.700000,97366.7,97395.2,97170.8,97189.8,19.40035914
1970-01-01 00:28:59.703600,97189.8,97348.0,97163.7,97345.3,20.67798676
1970-01-01 00:28:59.707200,97345.4,97345.4,97097.4,97131.1,14.0289066
1970-01-01 00:28:59.710800,97131.1,97235.7,96789.1,96854.6,52.65366385
1970-01-01 00:28:59.714400,96852.7,97045.1,96685.7,96965.2,43.62970749
1970-01-01 00:28:59.718000,96965.3,97104.0,96907.7,96907.7,21.44658508
1970-01-01 00:28:59.721600,96907.7,97116.6,96874.1,97053.3,24.00471849
1970-01-01 00:28:59.725200,97053.3,97179.3,96924.7,96985.8,26.69456998
1970-01-01 00:28:59.728800,96985.8,96990.6,96658.9,96894.2,41.06323045
1970-01-01 00:28:59.732400,96894.3,97118.0,96775.0,97064.5,28.89099138
1970-01-01 00:28:59.736000,97064.5,97176.1,96863.8,96919.1,24.90340411
1970-01-01 00:28:59.739600,96919.2,97299.8,96854.8,97178.4,44.11593719
1970-01-01 00:28:59.743200,97178.4,97195.4,96564.1,96867.2,34.34695944
1970-01-01 00:28:59.746800,96876.2,96877.5,96048.7,96123.4,95.33144343
1970-01-01 00:28:59.750400,96123.3,96451.1,96042.5,96318.4,42.09963253
1970-01-01 00:28:59.754000,96318.4,96533.8,96076.2,96502.4,43.94976988
1970-01-01 00:28:59.757600,96502.5,96636.3,96160.9,96229.6,32.55163162
1970-01-01 00:28:59.761200,96229.6,96287.3,96063.1,96212.8,24.28132071
1970-01-01 00:28:59.764800,96212.8,96277.3,96025.0,96034.1,38.11920934
1970-01-01 00:28:59.768400,96034.2,96328.9,95804.8,96236.6,50.81440496
1970-01-01 00:28:59.772000,96236.6,96452.4,96212.5,96377.6,36.5055647
1970-01-01 00:28:59.775600,96377.7,96462.7,95905.0,96076.1,51.33995414
1970-01-01 00:28:59.779200,96076.2,96310.4,95948.8,96154.2,70.34895327
1970-01-01 00:28:59.782800,96154.3,96319.9,96081.7,96165.9,39.01297277
1970-01-01 00:28:59.786400,96166.0,96400.1,96039.3,96098.2,83.98786293
1970-01-01 00:28:59.790000,96098.2,96295.0,95992.3,96065.5,52.02199861
1970-01-01 00:28:59.793600,96066.0,96504.8,96056.8,96441.9,45.31778205
1970-01-01 00:28:59.797200,96441.9,96489.4,96248.7,96397.4,25.97587899
1970-01-01 00:28:59.800800,96397.5,97026.9,96391.2,96798.7,94.2502481
1970-01-01 00:28:59.804400,96798.7,96892.5,95561.0,95662.3,144.48937489
1970-01-01 00:28:59.808000,95662.4,95943.5,95316.7,95330.9,122.7896797
1970-01-01 00:28:59.811600,95331.0,95732.7,95300.0,95476.5,65.84870982
1970-01-01 00:28:59.815200,95476.5,95774.3,95250.4,95340.5,54.87258941
1970-01-01 00:28:59.818800,95340.5,95600.4,95203.2,95531.4,51.29860888
1970-01-01 00:28:59.822400,95531.5,96271.9,95491.4,95973.0,50.12251011
1970-01-01 00:28:59.826000,95973.0,96429.0,95909.2,96418.6,87.4971663
1970-01-01 00:28:59.829600,96418.6,96418.6,95824.7,95875.5,33.89710243
1970-01-01 00:28:59.833200,95875.5,96008.0,95699.9,95770.2,33.54065802
1970-01-01 00:28:59.836800,95770.2,96049.3,95551.1,95631.9,41.71221342
1970-01-01 00:28:59.840400,95631.9,96299.8,95610.4,96276.0,35.55197662
1970-01-01 00:28:59.844000,96264.4,96323.1,96007.3,96064.6,31.04823784
1970-01-01 00:28:59.847600,96064.7,96294.8,96000.0,96189.9,41.70895178
1970-01-01 00:28:59.851200,96190.0,96296.9,95965.4,96071.1,34.97732829
1970-01-01 00:28:59.854800,96071.2,96103.9,95556.0,95606.2,48.16655428
1970-01-01 00:28:59.858400,95606.2,95646.2,95244.2,95381.6,95.93897046
1970-01-01 00:28:59.862000,95381.7,95717.9,95298.8,95456.3,49.43239434
1970-01-01 00:28:59.865600,95456.3,95583.2,95076.9,95237.9,70.57331378
1970-01-01 00:28:59.869200,95237.9,95788.3,95147.7,95775.3,49.2408933
1970-01-01 00:28:59.872800,95775.3,95880.9,95629.2,95745.0,42.93239735
1970-01-01 00:28:59.876400,95745.0,95794.1,95573.1,95651.9,35.88838588
1970-01-01 00:28:59.880000,95651.9,96269.6,95602.3,96189.6,63.80316909
1970-01-01 00:28:59.883600,96189.5,96475.2,96104.2,96226.4,52.34668212
1970-01-01 00:28:59.887200,96226.5,96748.5,95420.1,95535.1,127.9001545
1970-01-01 00:28:59.890800,95535.1,95729.7,95200.1,95555.3,115.87322752
1970-01-01 00:28:59.894400,95547.8,95651.2,94610.8,94642.3,166.56861919
1970-01-01 00:28:59.898000,94642.2,94878.7,94110.0,94110.1,137.9218845
1970-01-01 00:28:59.901600,94110.1,94353.7,93600.0,93922.8,168.55537415
1970-01-01 00:28:59.905200,93922.8,94397.8,93383.2,94107.2,132.2883662
1970-01-01 00:28:59.908800,94107.2,94465.2,93737.6,94181.5,87.28944805
1970-01-01 00:28:59.912400,94217.5,95320.9,94116.8,95058.1,199.68634375
1970-01-01 00:28:59.916000,95058.1,95526.2,94856.4,95303.3,55.04068179
1970-01-01 00:28:59.919600,95287.3,95666.3,95252.7,95656.7,38.94326028
1970-01-01 00:28:59.923200,95650.0,95822.1,95268.9,95326.3,55.17041518
1970-01-01 00:28:59.926800,95326.3,95479.7,95063.1,95474.0,49.02061156
1970-01-01 00:28:59.930400,95474.0,95955.4,95447.0,95829.9,54.3591102
1970-01-01 00:28:59.934000,95829.9,95842.2,95574.0,95708.0,39.20450162
1970-01-01 00:28:59.937600,95708.1,95764.5,95221.2,95221.2,41.3348354
1970-01-01 00:28:59.941200,95219.8,95348.6,95043.2,95286.2,41.78029454
1970-01-01 00:28:59.944800,95286.2,95670.1,95246.2,95618.8,29.05772408
1970-01-01 00:28:59.948400,95618.9,95846.1,95582.6,95686.9,38.26426609
1970-01-01 00:28:59.952000,95687.0,95867.4,95620.0,95631.9,33.61785549
1970-01-01 00:28:59.955600,95632.0,96022.4,95631.9,95938.5,26.18064909
1970-01-01 00:28:59.959200,95938.6,96460.2,95938.6,96331.7,64.65676111
1970-01-01 00:28:59.962800,96331.7,96420.0,96204.0,96418.6,36.07740607
1970-01-01 00:28:59.966400,96418.6,96496.9,96146.0,96163.2,40.4809477
1970-01-01 00:28:59.970000,96163.2,96491.2,96158.5,96282.8,52.31140592
1970-01-01 00:28:59.973600,96282.7,96690.6,95676.5,95755.2,114.06836205
1970-01-01 00:28:59.977200,95755.2,96397.6,95521.0,95925.3,156.83630788
1970-01-01 00:28:59.980800,95925.4,96369.9,95922.1,96301.6,74.00143739
1970-01-01 00:28:59.984400,96301.7,96482.4,96112.3,96395.7,72.1146967
1970-01-01 00:28:59.988000,96395.8,96418.2,95628.8,95670.2,62.46860324
1970-01-01 00:28:59.991600,95670.2,96228.1,95416.7,96200.0,88.87261893
1970-01-01 00:28:59.995200,96193.5,96473.9,96097.5,96174.6,82.83974219
1970-01-01 00:28:59.998800,96165.0,96474.3,96056.1,96312.6,37.66242987
1970-01-01 00:29:00.002400,96311.8,96610.0,96307.1,96528.7,30.42611975
1970-01-01 00:29:00.006000,96528.7,96893.1,96512.9,96643.8,63.56835298
1970-01-01 00:29:00.009600,96643.7,96847.6,96412.7,96847.5,31.07113983
1970-01-01 00:29:00.013200,96847.5,97000.0,96625.5,96764.0,41.44179968
1970-01-01 00:29:00.016800,96764.1,97271.5,96730.1,97131.9,47.31826812
1970-01-01 00:29:00.020400,97131.9,97367.2,96983.2,97061.6,42.35715084
1970-01-01 00:29:00.024000,97061.7,97338.4,97053.3,97209.6,51.39135245
1970-01-01 00:29:00.027600,97209.7,97209.7,96885.6,96899.8,84.99229494
1970-01-01 00:29:00.031200,96899.7,96982.4,96762.7,96901.2,39.07701534
1970-01-01 00:29:00.034800,96901.3,97078.5,96795.2,96855.2,28.38906836
1970-01-01 00:29:00.038400,96855.2,97189.8,96793.4,97137.5,30.01623234
1970-01-01 00:29:00.042000,97137.6,97276.0,97137.6,97181.1,38.52938475
1970-01-01 00:29:00.045600,97181.1,97368.5,97093.8,97368.5,26.87881105
1970-01-01 00:29:00.049200,97368.6,97373.6,97157.9,97199.7,33.91420137
1970-01-01 00:29:00.052800,97199.8,97538.7,97199.8,97421.7,36.38679919
1970-01-01 00:29:00.056400,97421.7,97555.1,97259.2,97546.4,42.2073001
1970-01-01 00:29:00.060000,97546.5,98042.8,96869.8,96959.1,190.26864028
1970-01-01 00:29:00.063600,96959.2,97315.1,96800.0,96906.4,127.58485183
1970-01-01 00:29:00.067200,96913.9,97971.8,96872.5,97534.1,142.7467139
1970-01-01 00:29:00.070800,97534.1,98000.0,97534.0,97955.0,62.53504307
1970-01-01 00:29:00.074400,97954.9,98419.8,97938.7,98283.8,110.04404602
1970-01-01 00:29:00.078000,98278.0,98514.0,98235.0,98405.8,90.9710478
1970-01-01 00:29:00.081600,98405.8,98725.8,98291.7,98455.1,146.76554539
1970-01-01 00:29:00.085200,98455.1,98495.0,98000.1,98078.4,51.23755665
1970-01-01 00:29:00.088800,98078.5,98407.1,98052.7,98131.8,44.60268127
1970-01-01 00:29:00.092400,98117.5,98513.6,98112.7,98300.1,30.54701212
1970-01-01 00:29:00.096000,98300.0,98496.9,98076.5,98235.5,28.58888479
1970-01-01 00:29:00.099600,98235.5,98353.0,98111.0,98312.4,28.15220116
1970-01-01 00:29:00.103200,98312.4,98378.8,98111.0,98111.1,22.67769044
1970-01-01 00:29:00.106800,98111.1,98300.1,98087.9,98148.2,22.73168275
1970-01-01 00:29:00.110400,98148.3,98274.0,98122.7,98212.7,32.81675391
1970-01-01 00:29:00.114000,98212.8,98393.8,98175.0,98337.2,27.85820737
1970-01-01 00:29:00.117600,98337.3,98424.4,98297.0,98408.1,25.4035384
1970-01-01 00:29:00.121200,98408.2,98582.5,98158.3,98169.5,57.68436179
1970-01-01 00:29:00.124800,98169.6,98256.2,98126.0,98200.3,28.71390766
1970-01-01 00:29:00.128400,98200.4,98899.9,98110.1,98337.1,120.36566054
1970-01-01 00:29:00.132000,98337.1,98665.8,98225.0,98608.8,32.59987535
1970-01-01 00:29:00.135600,98608.9,98800.0,98478.4,98612.4,70.12675099
1970-01-01 00:29:00.139200,98612.5,98958.7,98523.7,98900.2,65.1127944
1970-01-01 00:29:00.142800,98900.3,99477.7,98804.9,99329.4,165.95965817
1970-01-01 00:29:00.146400,99329.3,99365.7,98311.6,98777.4,156.38712888
1970-01-01 00:29:00.150000,98777.5,99331.3,97181.3,98037.2,366.25723846
